location_id,location_address,rate,reviewAvg,totalReview,serviceFee,occupancyTax
0,"0630 Stoltenberg View, Demarioshire, Wisconsin",48,1.59,346,6,4
1,"0632 Efren Courts, Brigittemouth, Oregon",87,2.86,303,7,6
2,"993 Muller Dale, East Guy, New Hampshire",22,4.98,100,9,1
3,"7900 Windler Cliffs, Stantonchester, West Virginia",56,3.33,407,5,6
4,"881 Gorczany Mountain, Port Reymundo, Missouri",73,2.98,448,9,6
5,"6352 Hettinger Green, Fritschfort, Louisiana",98,4.44,422,8,6
6,"5562 Shanelle Cape, East Chesterville, South Dakota",23,4.62,197,8,7
7,"753 Streich Expressway, Violaside, Louisiana",33,3.70,124,9,6
8,"8651 Larry Fields, Angelbury, South Dakota",62,3.75,391,7,3
9,"7953 Mekhi Stream, Skilesfort, Idaho",54,0.95,68,7,4
10,"2587 Kuhic Bridge, Greenhaven, Virginia",35,4.93,269,8,3
11,"355 King Port, Phoebeview, Maryland",78,3.08,250,9,6
12,"4640 Eldon Rue, Rutherfordchester, Illinois",29,4.59,171,9,7
13,"091 Anika Fall, Raymundoburgh, Alaska",58,4.53,224,5,2
14,"4016 Zieme Forges, Zionshire, Alabama",74,3.29,393,6,7
15,"3725 Dimitri Path, Lavernetown, Hawaii",70,4.51,301,8,7
16,"8920 Stroman Hollow, Lake Iva, Nebraska",94,1.37,231,9,7
17,"1149 Schneider Burgs, South Wellington, Indiana",80,2.99,492,6,7
18,"32778 Wisoky Squares, Mattport, Arizona",82,3.61,223,7,4
19,"8977 Bernier Station, North Melany, Rhode Island",83,1.14,447,8,4
20,"33177 Maggio Tunnel, South Ledahaven, Wyoming",41,3.97,496,6,3
21,"7324 Amya Motorway, North Samirview, New Mexico",61,0.90,297,5,4
22,"0712 Rohan Loop, New Kirk, Kansas",98,2.15,252,8,6
23,"61587 Watsica Villages, Leonfort, Delaware",41,0.66,127,9,7
24,"814 Dach Port, East Declan, Ohio",79,2.03,379,5,2
25,"7855 Connelly Summit, West Thelma, Maine",35,0.44,438,6,5
26,"335 Hintz Estates, New Loy, Tennessee",70,4.43,382,8,5
27,"699 Leland Station, Port Carolynbury, Kansas",74,3.63,200,5,5
28,"771 Lelia Street, Port Kade, New Jersey",55,4.67,260,8,2
29,"776 Alba Dam, Lake Cletushaven, Maine",27,1.80,316,9,7
30,"5731 Maynard Forge, Ethelberg, Alabama",55,2.77,317,9,7
31,"771 Ziemann Road, North Flavie, California",21,1.17,404,7,1
32,"7275 Pagac Pines, Langworthview, Maryland",82,1.98,73,9,6
33,"12127 Grant Stravenue, Lake Leonardo, Maine",68,3.57,183,8,7
34,"65150 Jolie Radial, West Nyasia, Alaska",54,4.68,65,7,4
35,"468 Damon Plains, Reingerbury, New Hampshire",97,0.58,462,6,7
36,"229 Batz Skyway, Lake Tessie, Illinois",45,4.34,325,8,4
37,"11988 Little Fords, Lake Veda, Idaho",88,3.11,190,7,6
38,"2316 Elyssa Square, Port Kathryneville, Nevada",92,0.56,448,9,5
39,"323 Irma Village, Port Lynnton, West Virginia",91,0.70,432,6,5
40,"2042 Junior Crossing, West Lowell, Utah",51,0.62,60,8,2
41,"965 Dayana Gardens, Hartmannville, Rhode Island",49,0.60,223,8,1
42,"167 Farrell Dale, Maximusshire, West Virginia",41,0.97,79,6,4
43,"951 Feil Street, West Conor, Alabama",28,0.04,109,6,4
44,"456 Mara Crossing, Brennonland, Missouri",45,0.96,285,5,1
45,"29797 Lesch Estates, Welchmouth, Michigan",86,0.85,201,5,4
46,"189 Collier Highway, New Serenityborough, Iowa",73,3.47,379,9,7
47,"52186 Rippin Fork, Paigefort, Arkansas",26,3.14,290,9,5
48,"7655 Samir Hills, Gibsonmouth, Utah",44,3.94,252,5,4
49,"5013 Bruen Plain, New Gabriella, West Virginia",86,3.28,94,5,3
50,"805 Chyna Cliffs, New Arnoldmouth, Pennsylvania",96,3.83,475,6,1
51,"23644 Hegmann Run, Rhiannonburgh, New Hampshire",45,2.86,466,8,4
52,"35105 Dare Mountains, South Omer, South Dakota",50,4.21,62,5,4
53,"105 Zachery Ports, Wayneberg, Wyoming",78,4.27,464,5,4
54,"10740 Cassin Keys, South Josefachester, Connecticut",64,1.96,188,9,2
55,"22608 Pollich Road, Lake Ray, Georgia",77,2.04,483,8,3
56,"713 Harold Vista, Handchester, Rhode Island",93,2.07,100,6,6
57,"644 Carmelo Via, Antwanchester, Louisiana",85,4.27,103,7,6
58,"57392 Ondricka Glen, North Earnestineberg, Tennessee",37,0.97,228,8,5
59,"4758 Littel Roads, West Dorothea, Vermont",51,0.55,375,9,1
60,"4234 Rollin Drive, East Polly, Alaska",42,2.17,80,7,7
61,"21709 Langosh Overpass, New Kaitlynchester, Tennessee",78,0.08,94,6,2
62,"8721 Kuhic Shoals, East Quinn, New York",20,1.40,277,9,6
63,"44922 Cormier Valleys, Emilieport, Virginia",56,0.29,163,5,1
64,"689 Goyette Spurs, Crooksside, Idaho",40,3.06,389,7,3
65,"68320 Iva Greens, Port Lilyanville, Arkansas",93,1.74,110,7,4
66,"80654 Floyd Port, Hirtheview, New York",87,1.80,483,7,5
67,"18086 Jerde Course, South Johan, North Dakota",25,3.79,378,9,3
68,"942 Herzog Flats, West Saulshire, West Virginia",67,3.87,157,5,3
69,"558 Hilario Parkway, East Vicenta, Oregon",24,1.77,319,7,4
70,"197 Novella Lane, Lake Zanderborough, Hawaii",81,0.14,492,7,2
71,"986 Danial Spring, Lake Joyside, Oregon",20,3.05,380,5,2
72,"2440 Noemi Inlet, Stonehaven, Alaska",49,3.58,183,7,6
73,"52840 Conroy Squares, Abdullahmouth, Hawaii",74,1.31,476,9,7
74,"665 Leannon Courts, North Corrineshire, Connecticut",25,1.58,105,5,4
75,"44656 Rae Stravenue, Lueilwitzburgh, Wisconsin",40,4.16,260,6,7
76,"4212 Boyer Cove, North Garrisonfurt, Illinois",73,2.50,386,5,3
77,"75893 Edyth Crest, West Jacinthe, Oklahoma",85,2.68,361,7,7
78,"35253 Schmitt Grove, Port Hilarioborough, Maine",40,1.72,390,5,6
79,"66945 Kautzer Branch, North Jacquesfurt, Kansas",83,1.75,413,9,1
80,"91894 Noah Squares, Kaylinview, Missouri",80,4.26,386,7,7
81,"17474 Rolfson Lodge, Lizethland, Arizona",77,0.17,497,6,1
82,"8265 Verner Glen, Reubenburgh, New Hampshire",97,2.58,411,6,5
83,"69146 Ansley Route, Port Opalhaven, Idaho",23,2.02,92,9,2
84,"522 Kaitlin Valleys, Josefinaton, Maine",80,0.57,362,8,2
85,"6802 Keon Courts, Anabelleborough, Oregon",42,4.41,77,6,3
86,"8037 Botsford Ford, New Kelli, Mississippi",52,4.85,280,9,3
87,"18071 Wiegand Mall, Andreland, New York",58,1.40,202,5,2
88,"51375 Thompson Pike, South Mariaburgh, Delaware",86,0.34,289,7,1
89,"536 Izaiah Centers, Bellview, Virginia",56,0.85,475,5,1
90,"25640 Marshall Terrace, Kolemouth, Colorado",30,1.00,121,9,3
91,"517 Daugherty Cliffs, West Kirk, North Carolina",89,2.48,283,5,5
92,"047 Reilly Knolls, Dangelotown, Wyoming",55,4.18,86,7,7
93,"64514 Feest Ranch, Lake Kathlynbury, Missouri",32,3.82,317,9,6
94,"1311 Greenfelder Fork, Douglasview, Massachusetts",48,0.68,288,5,7
95,"85019 Layne Creek, South Caliland, Iowa",79,3.20,417,8,1
96,"388 Russel Ferry, Brekkemouth, Hawaii",55,4.95,98,7,5
97,"8656 Ryan Valley, West Isobel, Wyoming",60,2.66,370,5,6
98,"4082 Rosalee Course, West Marcellebury, West Virginia",34,2.52,294,7,1
99,"350 Robel Skyway, Lake Wilburnport, Utah",46,0.96,88,9,4
100,"5966 Cordell Ramp, Amirborough, West Virginia",77,2.47,80,6,7
101,"461 Eloy Ridge, Gailmouth, Virginia",70,3.00,453,6,7
102,"9345 McKenzie Meadows, South Selenaberg, Massachusetts",97,1.71,207,5,5
103,"783 Runolfsdottir Plaza, Waldoport, New York",52,4.98,238,5,3
104,"678 Genoveva Highway, Destineymouth, Missouri",54,3.20,447,6,2
105,"6652 Becker Falls, West Jennifer, Florida",32,3.63,79,6,6
106,"318 Iliana Station, East Bernadette, Tennessee",32,2.71,88,5,5
107,"91514 Howe Parkways, North Hailie, Kansas",82,0.28,209,5,4
108,"041 Wayne Stream, Roxannechester, North Dakota",94,0.39,230,5,1
109,"91111 Nikolaus Light, Wehnershire, Louisiana",45,2.71,252,8,5
110,"62782 Lila Pine, Beahanshire, Colorado",21,3.19,227,9,3
111,"053 Gottlieb Walks, Hacketttown, Oregon",31,4.55,498,9,1
112,"66717 Morissette Plain, Wisozkchester, Louisiana",40,3.29,274,5,5
113,"302 Zieme Coves, Turnershire, Georgia",58,0.90,336,5,1
114,"4873 Lind Valley, South Rozellachester, North Carolina",34,4.23,144,6,6
115,"21759 Parker Stravenue, MacGyvershire, Oklahoma",51,1.27,307,7,6
116,"9525 Price View, Carrollbury, Washington",76,0.27,106,8,3
117,"3801 Nicolas Rue, South Alex, Wyoming",43,3.64,251,8,4
118,"718 Whitney Crossing, Vidalbury, Wyoming",47,3.03,177,8,3
119,"4354 Winfield Creek, South Elena, Alaska",92,4.35,363,5,2
120,"139 Corkery Trail, Citlalliview, Delaware",38,3.61,335,9,5
121,"1463 Jerde Port, New Harleyton, Alabama",23,4.54,77,5,3
122,"1409 Rohan Summit, South Elwin, Oklahoma",20,0.51,313,6,2
123,"964 Keebler Knolls, Lake Ryleeville, Louisiana",57,4.74,335,8,3
124,"41311 Roberts Point, Edwinport, Idaho",75,4.03,237,6,2
125,"3292 Jacquelyn Green, Port Claudia, Wyoming",82,4.66,436,6,7
126,"397 Daniela Heights, West Harvey, South Dakota",94,2.26,280,7,4
127,"05437 Turner Mews, East Zechariahbury, North Carolina",28,2.05,340,7,2
128,"006 German Cape, South Connorhaven, South Carolina",22,1.09,121,6,3
129,"5160 Koepp Mount, New Antonetteshire, Oregon",27,2.04,88,9,4
130,"42321 Ankunding Courts, New Adeline, Ohio",22,1.51,249,5,4
131,"96357 Bogisich Bridge, South Jocelyn, Illinois",89,4.32,281,6,5
132,"362 Krajcik Coves, Reinaborough, Pennsylvania",24,4.78,478,5,1
133,"32028 Robyn Valleys, Buckridgeview, South Dakota",88,0.22,339,8,6
134,"2927 Schoen Falls, Sipesstad, Maine",54,4.23,330,7,6
135,"60341 Turcotte Mills, South Orrin, Iowa",41,4.30,76,5,3
136,"097 Santos Lodge, Lake Virgil, Arkansas",37,0.99,435,5,4
137,"8086 Denesik Shoals, Nikolausborough, Pennsylvania",24,3.62,467,8,2
138,"402 Lelia Route, Jakubowskimouth, California",27,1.94,92,7,3
139,"16096 Otto Springs, Ledabury, Arkansas",69,1.64,154,9,6
140,"1195 Aubrey Locks, West Darronfurt, Utah",69,3.61,240,9,1
141,"823 Judge Views, Lake Turner, South Carolina",27,4.19,177,8,2
142,"4291 Leda Groves, Lake Kaitlin, Alaska",38,2.62,216,8,5
143,"005 Cordelia Drive, New Emanuelburgh, Missouri",71,0.44,384,8,4
144,"42054 Dusty Burg, Elnatown, Michigan",84,1.38,90,5,3
145,"18574 Amina Road, East Malcolm, Minnesota",90,1.58,397,5,6
146,"178 Theodore Route, Olsonshire, Delaware",30,2.69,93,6,1
147,"2935 Runolfsson Plains, Smithamchester, Massachusetts",45,4.01,350,5,6
148,"086 Braun Neck, Westberg, Rhode Island",86,0.23,469,6,4
149,"6480 Reichert Forest, South Estrella, Tennessee",34,3.17,115,7,1
150,"84888 Paxton Green, Lakinhaven, Virginia",22,0.14,434,9,6
151,"566 Edwin Square, Lulufort, Virginia",39,1.04,57,6,3
152,"3066 Adams Crossroad, Rempelport, Wisconsin",81,0.95,233,6,4
153,"95672 Sally Street, Halietown, Minnesota",24,4.57,382,5,6
154,"56597 Cindy Locks, South Ova, New Jersey",92,0.88,347,6,6
155,"452 Collins Dam, Hermanside, Minnesota",81,4.68,313,7,7
156,"28663 Natalie Garden, East Kenny, Oregon",50,4.41,217,5,6
157,"37182 Goodwin Manors, Lake Anabelle, North Carolina",20,4.83,130,8,3
158,"0088 Reynold Mission, Port Savannahport, Idaho",61,0.92,321,7,4
159,"6476 Howell Glens, Lake Jarrodview, Indiana",71,2.08,450,5,2
160,"825 Considine Plaza, Grahamside, Arkansas",26,2.53,216,6,6
161,"01107 Norval Terrace, Port Elisatown, Wyoming",83,0.27,349,8,5
162,"7261 Steuber Station, Maritzahaven, New York",28,4.51,180,5,7
163,"42403 Damien Valleys, Madiechester, Rhode Island",56,4.46,174,7,4
164,"76626 Albertha Forges, Bauchchester, Pennsylvania",73,2.11,377,8,7
165,"2627 Missouri Lodge, South Abner, Washington",67,0.39,281,6,7
166,"9838 Turner Spring, Powlowskiborough, Ohio",82,3.81,426,9,4
167,"491 Stokes Ports, North Geovannyville, Rhode Island",79,3.07,378,6,1
168,"671 Jade Falls, Port Loyal, Delaware",21,3.87,202,8,7
169,"311 Lehner Spurs, Port Jadonburgh, Louisiana",48,1.96,385,7,1
170,"8103 Stark Mills, Port Jadynshire, Alaska",99,0.17,260,6,4
171,"1588 Mazie Islands, Lubowitzmouth, Texas",81,0.63,456,9,1
172,"060 Rice Estates, Coltonview, Louisiana",36,4.09,459,7,6
173,"276 Weimann Road, Devynbury, Georgia",29,1.15,359,5,7
174,"23925 Adah Isle, Clarabury, Virginia",67,4.43,76,8,7
175,"40180 Howe Haven, North Lisabury, Pennsylvania",73,3.73,408,5,2
176,"5235 Wilkinson Summit, East Karianne, Delaware",23,0.07,452,5,7
177,"84357 Casandra Fort, New Jules, Connecticut",29,3.50,325,5,1
178,"6805 Marquardt Corners, South Theresiatown, Indiana",24,3.77,146,7,3
179,"1654 Jorge Coves, Westonton, Colorado",74,4.95,80,7,4
180,"7633 Emelia Coves, New Ryleeside, Idaho",28,3.72,74,9,3
181,"2365 Earline Point, North Arielle, New York",83,1.73,372,6,2
182,"450 Beahan Haven, Lake Jarrod, Wyoming",93,1.66,167,5,7
183,"6230 Cassandre Brook, Titoborough, Vermont",59,1.87,141,8,1
184,"754 Raynor Radial, Lavernestad, Vermont",36,2.15,299,9,3
185,"56113 Larkin Skyway, Lake Christa, Kansas",46,4.67,147,8,4
186,"962 Erika Ranch, Ethylbury, North Dakota",52,3.89,478,5,5
187,"647 Monserrat Trace, Jeromyside, Vermont",78,1.96,293,5,7
188,"83042 Strosin Roads, Dachbury, Arkansas",65,1.02,338,5,3
189,"016 Pacocha Mills, Alleneport, Missouri",73,4.94,271,5,6
190,"55382 Cielo Flat, Elodyfort, Vermont",44,4.20,160,7,7
191,"8110 Rutherford Place, Addiefort, North Dakota",24,1.95,207,9,1
192,"892 Kennedy Green, Friesenton, Kentucky",66,3.38,396,9,1
193,"3664 Mozelle Lights, Deanborough, South Dakota",25,1.44,57,6,4
194,"1073 Colby Island, Port Percival, Utah",32,0.96,136,8,5
195,"0625 Konopelski Trace, McLaughlinfort, Delaware",70,4.08,224,5,4
196,"4437 Macy Plains, South Felipe, Massachusetts",88,3.15,482,7,2
197,"093 Wolf Islands, Marvinborough, Georgia",87,2.31,55,8,6
198,"125 Mohr Summit, Nathanielville, Nebraska",48,1.47,487,9,3
199,"738 Judson Locks, Lake Junius, Michigan",88,1.71,318,8,5
200,"2274 Waelchi Manor, Eladioborough, South Carolina",49,2.70,235,9,2
201,"141 Demond Turnpike, Destineeberg, Maine",86,4.36,66,9,3
202,"8496 Forrest Inlet, Dorianville, West Virginia",26,4.02,165,7,5
203,"425 Schneider Lakes, Nicholeview, Kentucky",38,0.01,119,6,2
204,"66608 Rylee Mills, Olsonville, Alabama",69,2.97,62,5,4
205,"0846 Bernhard Pine, Port Leslie, Indiana",91,0.64,327,7,5
206,"2370 Robel Unions, South Ova, New Mexico",99,2.02,96,9,7
207,"50422 Fae Unions, New Lillianberg, Michigan",35,0.34,307,9,5
208,"942 Barry Glen, VonRuedenberg, Minnesota",76,4.77,246,6,1
209,"91876 Balistreri Glens, Brookeborough, Indiana",50,2.15,84,5,5
210,"40987 Medhurst Hills, Laurenburgh, Missouri",55,1.68,147,7,1
211,"4207 Irwin Port, Candelariochester, Hawaii",94,3.95,443,6,2
212,"431 Derrick Knolls, Port Daron, Rhode Island",68,4.43,166,5,3
213,"8355 Anderson Mill, Reeseport, Kansas",59,1.06,454,9,4
214,"6690 Pouros Tunnel, Port Eula, Vermont",27,4.04,292,7,6
215,"9623 Leta Parks, South Keely, North Dakota",83,4.45,461,7,4
216,"7105 Osinski Falls, Gerlachport, Massachusetts",54,2.61,342,7,7
217,"78060 Rupert Skyway, Port Alvenaburgh, Colorado",31,3.71,426,6,1
218,"68119 Ashtyn Island, North Garry, Georgia",66,4.10,272,5,7
219,"0605 Robel Islands, Darefurt, Oklahoma",33,3.66,455,8,6
220,"6786 Hessel Canyon, Bartolettichester, South Dakota",87,4.96,489,6,3
221,"8744 Christy Land, North Vicente, Arkansas",62,3.31,262,6,6
222,"404 Kaci Passage, East Marcellaville, Rhode Island",61,4.75,459,8,5
223,"62394 Joy Glens, New Zane, New Hampshire",40,0.92,109,9,3
224,"48194 Remington Islands, Lake Jeffberg, New York",95,2.24,186,9,6
225,"59007 McCullough Loaf, East Jordy, Washington",43,0.54,138,6,5
226,"3346 Aliza Rest, West Pamelahaven, Pennsylvania",36,0.08,57,8,7
227,"39031 Camren Row, East Isabelltown, South Carolina",21,1.30,356,5,5
228,"00851 Yost Freeway, Bodebury, Michigan",90,0.97,455,5,6
229,"633 Emely Parkways, Volkmanmouth, Oklahoma",92,1.76,494,9,6
230,"907 Nicolas Hill, Lake Leonard, Alaska",94,0.70,56,9,4
231,"333 Friesen Junctions, Arelyview, Georgia",43,2.69,466,9,5
232,"524 Abbott Walks, Kimbury, New York",76,4.52,164,7,5
233,"30993 Wilma Cliff, Muellertown, Kansas",76,0.90,392,7,7
234,"106 Alivia Hills, Kellieborough, New Hampshire",66,0.55,230,8,1
235,"9911 O'Kon Ports, Lake Oliver, Wisconsin",48,0.90,171,7,6
236,"676 Kessler Turnpike, Klockoberg, Kansas",76,1.49,92,7,3
237,"98279 Mueller Fork, New Wyman, Mississippi",42,2.90,436,9,2
238,"748 Alicia Crossroad, New Cyrus, Colorado",94,2.00,315,8,1
239,"831 Katelin Crossroad, Alveramouth, Florida",79,2.86,90,9,5
240,"8507 Lempi Ferry, South Lauryn, Iowa",99,3.55,383,9,4
241,"101 Archibald Center, New Marta, Arizona",60,1.56,332,8,6
242,"886 Spencer Ways, Haagburgh, Illinois",64,0.88,282,9,6
243,"74127 Strosin Place, North Magdalenhaven, Illinois",37,2.16,465,5,4
244,"466 Vladimir Street, Port Abbey, New Jersey",86,2.25,263,9,1
245,"2967 Triston Squares, West Claudiemouth, New Jersey",98,0.56,210,6,6
246,"4253 Schultz Mill, New Braden, Kentucky",30,0.43,422,7,3
247,"45331 Marlin Lights, West Filomenaland, New York",23,0.78,184,8,4
248,"7721 Huel Alley, South Jennie, Ohio",92,1.52,144,8,6
249,"600 Crystal Groves, New Jaquanport, Utah",82,3.10,488,6,6
250,"7803 Amparo Lane, South Lilianabury, Oklahoma",38,0.50,490,6,2
251,"5378 Macejkovic Valleys, Jaceymouth, Indiana",79,0.17,230,7,4
252,"6897 Emelie Course, New Emerald, Illinois",21,2.45,93,8,5
253,"91302 Laurianne Ferry, Klingstad, Iowa",71,2.83,333,6,7
254,"917 Luther Key, Gulgowskichester, Utah",37,0.56,477,8,1
255,"6061 Klein Avenue, New Loraineville, Colorado",42,4.43,190,7,7
256,"4356 Blair Mall, Cameronfurt, Colorado",88,0.35,305,7,5
257,"32272 Angelina Square, East Aracelyfurt, Utah",85,2.40,161,5,5
258,"682 Murphy Shores, Lake Candidobury, Alabama",54,2.79,131,9,1
259,"9604 Skiles Station, Funkborough, South Dakota",22,2.68,440,7,4
260,"05891 Moen Viaduct, Vonton, Ohio",22,2.59,157,8,2
261,"9031 Boehm Via, Runolfssonmouth, Delaware",65,3.08,368,5,7
262,"2007 Brekke Avenue, Heaneyton, South Dakota",53,3.99,433,9,1
263,"1370 Leffler Forks, Traceport, Oklahoma",93,2.22,334,7,3
264,"052 Eusebio Hills, Jackyland, Tennessee",95,1.37,291,8,6
265,"819 Conn Unions, Port Brennanshire, Kentucky",71,0.15,438,8,4
266,"252 Turner Expressway, Schmelerside, Pennsylvania",51,2.62,427,7,1
267,"67712 Schultz Locks, North Aiyanafort, Hawaii",81,0.66,337,6,5
268,"06522 Dare Walk, Alphonsoburgh, New Hampshire",94,2.49,322,7,1
269,"37002 Mae Port, Lake Shayne, North Dakota",49,1.90,488,8,2
270,"76465 Dallas Island, East Cindy, Connecticut",30,2.55,378,9,6
271,"81229 Raynor Creek, Lake Careyside, Mississippi",77,1.36,161,5,7
272,"091 Vaughn Burg, Mertztown, Michigan",36,3.76,52,6,4
273,"2582 Abbott Branch, Ervinton, California",87,3.32,276,8,3
274,"72192 Name Forks, South Nevachester, Missouri",37,0.65,417,6,6
275,"61518 Carroll Forges, North Rettatown, Kentucky",87,3.18,374,7,5
276,"0655 Steuber Lake, Abelmouth, Wisconsin",31,4.72,165,5,4
277,"337 Dedrick Valley, Lake Demond, Alaska",25,0.03,351,9,4
278,"52600 Walsh Ranch, Flofort, Arkansas",62,1.70,404,7,3
279,"77627 Ernie Point, Connellyville, Louisiana",69,2.02,361,8,4
280,"15113 Alfonso Center, Friesenport, Louisiana",53,1.36,431,9,1
281,"5174 Torp Brooks, Bashirianburgh, Florida",82,3.22,89,5,4
282,"0902 Hansen Highway, Pfannerstillton, Massachusetts",29,0.41,276,7,7
283,"9222 Lilian Road, Kalebbury, Michigan",22,1.21,302,5,4
284,"05290 Mitchell Square, Port Lelandberg, Arkansas",40,3.89,335,8,5
285,"02050 Crooks Radial, Ardellaburgh, New Mexico",92,3.37,421,6,4
286,"95774 Jerald Ville, Lake Rowland, Delaware",52,3.35,242,5,4
287,"2045 Aracely Summit, North Kiraside, Nevada",52,1.43,273,9,2
288,"245 Jade Burg, Port Timmyburgh, North Carolina",54,1.61,351,5,7
289,"0351 Sven Landing, West Reedfort, Georgia",46,0.08,375,7,3
290,"670 Cole Branch, Port Malvinafurt, Kansas",31,4.14,202,9,4
291,"8635 Robel Trail, New Coleshire, South Dakota",77,2.27,100,7,3
292,"6712 Halvorson Neck, Zacherytown, California",52,3.91,375,5,2
293,"1991 Hahn Neck, Iciemouth, Ohio",54,0.78,268,6,6
294,"3487 Brandyn Summit, Markstown, Vermont",25,4.13,416,9,1
295,"315 Shanel Stream, Manteville, Iowa",79,1.55,75,8,1
296,"053 Gusikowski Flat, Tomaston, West Virginia",96,1.28,190,7,2
297,"86239 Williamson Greens, Gislasonburgh, Georgia",76,4.63,274,9,4
298,"17237 Jacinto Port, Maddisonland, Colorado",34,2.69,497,9,7
299,"114 Parisian Trace, Lake Phyllisfort, Massachusetts",93,1.21,457,5,4
300,"2021 Rippin Port, Hermistonfurt, Arkansas",41,2.89,329,6,4
301,"00345 Feil Mountains, Klockostad, Virginia",44,1.21,270,8,1
302,"880 Constance Trail, Litzyberg, California",26,3.51,241,5,7
303,"1624 Brionna Fields, West Macyburgh, Hawaii",83,3.51,415,6,2
304,"2501 Marvin Burg, Port Kailynmouth, South Carolina",86,0.12,290,9,5
305,"0328 Herman Drives, Port Constantin, Maryland",21,2.87,147,9,1
306,"32578 Mallory Hill, New Maddisonstad, Alaska",45,0.08,299,5,5
307,"0449 Dibbert Glens, West Brookebury, Rhode Island",63,4.46,499,8,5
308,"400 Towne Brooks, Port Kraigshire, New Mexico",62,4.45,484,5,1
309,"235 Bashirian Springs, Minervaville, Hawaii",62,0.50,369,7,3
310,"64733 Bernier Valley, East Ismael, Arizona",76,0.46,235,5,7
311,"84204 Schmidt Cliffs, Port Gabrielletown, Connecticut",28,1.32,448,9,7
312,"71110 Cassandre Lake, West Annamarieton, Illinois",99,4.44,114,5,6
313,"565 Thompson Orchard, New Molly, Indiana",27,1.89,475,5,4
314,"7227 Roob Bridge, West Kassandrastad, Connecticut",35,2.82,249,8,2
315,"0714 Adams Coves, Lakinshire, North Carolina",88,1.23,173,6,2
316,"00763 Casper Lock, Lake Linneaburgh, Idaho",57,0.84,233,7,2
317,"828 Spinka Hollow, Elfriedaberg, Alabama",84,2.89,107,9,6
318,"3398 Franecki Squares, East Thaddeustown, Washington",78,4.87,95,8,7
319,"07260 Mandy Parkway, Jasminburgh, Maine",98,2.78,82,7,1
320,"7681 Savion Canyon, New Jessika, Texas",46,3.97,305,8,6
321,"858 Jon Plaza, West Lelahborough, Pennsylvania",22,2.94,323,9,1
322,"5400 Huel Plains, Ottisview, Vermont",62,3.92,139,8,2
323,"77586 Sanford Walk, Kossborough, Vermont",76,4.33,213,5,6
324,"552 Madisyn Brooks, East Eudora, Florida",94,0.05,116,8,1
325,"73182 Bernhard Glen, South Elijahville, North Dakota",64,3.82,263,5,3
326,"200 Jayne Lights, East Wilfredo, Iowa",72,3.25,71,7,3
327,"1794 Presley Mountains, Marisolbury, Alabama",52,0.76,475,7,4
328,"060 Purdy Village, East Joanyfort, New Jersey",69,2.36,168,6,5
329,"728 Daugherty Streets, Lavinastad, Maine",81,4.75,316,5,7
330,"76732 Gusikowski Mews, Port Kayleebury, Massachusetts",96,3.79,328,8,7
331,"8706 Koepp Causeway, Gerholdborough, Tennessee",36,4.20,432,6,2
332,"390 Emely Vista, East Maybellfort, Vermont",87,2.86,331,7,5
333,"44780 Altenwerth Estate, East Isabellaton, New Mexico",24,0.37,334,9,4
334,"8386 Consuelo Club, Lake Arjunport, New Hampshire",46,2.51,181,9,1
335,"6176 Rubye Glens, Jakubowskimouth, Washington",68,0.13,252,5,6
336,"35035 Davion Drive, South Dejahchester, California",87,3.26,426,7,4
337,"24182 McLaughlin Throughway, Robelburgh, Virginia",86,4.31,198,9,1
338,"600 Johnston Ferry, Lake Rowlandborough, New Jersey",98,2.57,97,5,7
339,"91149 Jennyfer Cliff, South Darianahaven, Michigan",36,0.81,157,9,5
340,"0785 Webster Islands, Port Jess, Hawaii",54,0.40,393,8,5
341,"9319 Reinger Wells, Thompsonburgh, Missouri",96,2.15,263,9,4
342,"9716 Ivy Heights, Rolfsonville, Illinois",50,0.40,120,6,4
343,"574 Christopher Way, East Glenniefurt, Illinois",73,2.05,144,8,3
344,"18177 Maggio Springs, North Jadonshire, Texas",45,2.88,59,7,6
345,"16936 Nora Freeway, New Dean, Louisiana",47,1.61,378,8,4
346,"4076 Peter Avenue, Jasenhaven, Missouri",34,2.89,189,7,4
347,"2686 Alfonso Shoal, New Ofelia, Mississippi",67,0.73,106,8,7
348,"030 Zachery Place, Carolanneland, Utah",61,3.19,221,6,4
349,"6182 Kaley Cliffs, East Gerald, Florida",94,1.90,79,6,7
350,"4771 Gleichner Bridge, East Vidal, Rhode Island",87,3.56,73,7,5
351,"7456 Wilfred Plain, Port Eddie, North Dakota",54,2.32,138,9,7
352,"81139 Louvenia Brook, East Zane, Nevada",46,2.96,265,8,6
353,"341 Bradtke Ranch, South Gunner, North Carolina",28,1.56,250,9,4
354,"462 Gulgowski Viaduct, McKenzieshire, North Carolina",61,4.21,428,7,3
355,"517 Bechtelar Hills, Swiftberg, South Carolina",47,3.71,60,9,1
356,"635 Barton Throughway, Schillerside, Wyoming",64,1.94,353,9,3
357,"6937 Ritchie Estate, Hillsshire, Utah",94,3.05,468,8,5
358,"540 Casper Lake, West Malvina, Louisiana",87,3.23,245,5,1
359,"76512 Jaime Cliff, New Gaylordland, Montana",67,2.51,115,7,4
360,"89299 Rippin Meadows, North Kyliestad, Vermont",83,1.30,209,8,5
361,"47475 Eleonore Port, Bradlymouth, Tennessee",34,2.94,162,6,3
362,"7894 Isaiah Fords, Sabinaside, Georgia",99,2.41,491,5,4
363,"67098 Olson Well, Port Agnesfurt, Washington",66,0.14,157,8,2
364,"87917 Milo Plains, East Sarah, Tennessee",78,3.73,138,7,5
365,"9057 Christopher Shoal, East Adahland, Arizona",93,2.21,181,6,6
366,"861 Skiles Village, Lake Aishaland, Wisconsin",39,4.46,469,5,2
367,"411 Beier Isle, North Jevon, West Virginia",76,2.01,387,6,1
368,"0055 Terry Mission, South Stone, Pennsylvania",50,4.96,297,8,7
369,"94114 Skye Mission, Rachelhaven, Delaware",38,2.45,378,5,2
370,"394 Zulauf Wells, Merlmouth, Idaho",90,0.53,254,6,2
371,"7221 Kutch Mountain, Port Wiley, Rhode Island",28,2.94,441,6,2
372,"737 Jett Knoll, Lake Hilda, Iowa",54,0.02,495,5,3
373,"360 Bednar Flats, Weimanntown, Massachusetts",96,4.28,78,5,3
374,"45408 Kip Stream, Noreneshire, North Carolina",31,0.57,134,8,6
375,"15848 Kaleb Plaza, Huelport, North Dakota",72,2.53,294,6,4
376,"1768 Tillman Alley, North Aidan, Virginia",66,1.83,51,9,7
377,"7228 Elenora Drive, Mitchelchester, New Mexico",46,1.32,457,7,2
378,"2243 Bechtelar Trafficway, Maxinefort, Mississippi",71,3.75,235,8,3
379,"25294 Hoppe Prairie, Gracetown, Rhode Island",86,1.65,172,7,3
380,"515 Bartell Route, Tyrelltown, Washington",88,0.51,143,5,1
381,"832 Alexane Summit, Lake Letitia, Louisiana",99,1.56,295,9,6
382,"74472 Metz Gateway, South Alyson, Wyoming",36,4.75,453,6,7
383,"93259 Douglas Locks, West Kenside, New Mexico",69,2.49,72,7,1
384,"21838 Quitzon Street, Lake Edmond, Iowa",75,3.67,381,9,3
385,"50876 Becker Inlet, East Jacinthe, Massachusetts",46,1.18,425,8,2
386,"39949 Kieran Club, South Moriahberg, Ohio",64,0.78,101,7,5
387,"273 Spinka Radial, Binsview, Wyoming",34,3.44,119,5,4
388,"7364 Kurtis Lake, Lindton, North Carolina",55,4.11,112,6,2
389,"02384 Brandyn Road, West Maurine, Massachusetts",71,0.41,359,9,7
390,"05183 Glover Plaza, Smithbury, Rhode Island",24,2.11,237,6,4
391,"5499 Cole Heights, Vonstad, South Dakota",87,3.81,324,7,3
392,"800 Morissette Parkway, Lake Shaniaside, New York",65,1.67,281,6,1
393,"2347 Stiedemann Crossroad, Kevonstad, Utah",52,1.92,134,6,7
394,"7593 McCullough Mews, Morrisberg, New York",53,2.93,163,6,1
395,"335 Eleanore Glen, Port Terrellville, Minnesota",92,2.02,451,6,5
396,"253 Watsica Extensions, Port Mina, New Mexico",90,1.90,205,5,1
397,"0604 Schumm Forge, Olenbury, New Mexico",94,4.29,297,6,2
398,"23877 Micheal Rest, Kaciborough, Wisconsin",90,3.52,471,6,2
399,"9398 Rocky Keys, West Margret, Illinois",39,2.04,185,9,4
400,"44558 Hannah Light, Borertown, Utah",43,0.34,232,6,5
401,"7050 Ryleigh Ford, West Vincehaven, Iowa",28,4.50,497,8,3
402,"057 Ledner Tunnel, Maggiohaven, Wisconsin",28,0.48,184,7,2
403,"770 Mante Courts, Stellafort, Nebraska",65,4.62,157,7,7
404,"47269 Dayana Fork, West Lenny, Utah",65,2.54,256,5,5
405,"373 Wilmer Stream, Port Ally, North Dakota",24,4.42,250,5,5
406,"6026 Beth Cliff, New Wilfred, Mississippi",46,0.86,368,7,1
407,"4651 Marcelino Vista, New Willardview, Iowa",35,0.22,480,5,7
408,"12979 Bartoletti Island, Croninville, New Mexico",67,4.77,126,9,4
409,"194 Jany Fall, Janafort, Oregon",47,4.18,385,8,2
410,"711 Cooper Throughway, New Alvera, Nebraska",44,2.45,110,6,7
411,"2244 Jesse Forge, West Americaburgh, Wyoming",50,4.31,132,8,3
412,"1381 Harber Mountains, West Annetta, Rhode Island",64,1.20,457,9,3
413,"188 Becker Groves, New Immanueltown, Minnesota",34,0.83,223,8,4
414,"4960 Bertha Prairie, Darechester, Oregon",38,0.68,290,9,4
415,"3281 Adolph Expressway, Anjalichester, Washington",23,4.31,164,9,4
416,"409 Kovacek Union, East Niafurt, Nevada",63,4.09,415,9,2
417,"40924 Wunsch Field, Tillmanland, Kentucky",59,1.21,131,9,6
418,"172 Florian Tunnel, East Deangeloland, Texas",36,0.74,249,8,4
419,"84657 Waelchi Burgs, West Garlandmouth, Kentucky",62,0.53,159,6,2
420,"51043 Orn Haven, Kulasberg, Massachusetts",83,3.76,278,5,4
421,"465 Mayer Glen, Port Meta, Iowa",69,4.01,219,8,5
422,"9708 Olson Plains, North Keanu, Utah",77,0.45,398,7,2
423,"3191 Hudson Highway, East Everette, New Mexico",27,2.95,174,9,4
424,"324 Mayert Row, Luettgenville, Connecticut",57,4.08,123,6,6
425,"02330 Schuppe Roads, Murphytown, Arizona",22,2.44,240,6,7
426,"642 Meagan Square, Murazikstad, Wyoming",75,2.64,88,5,2
427,"980 Rodriguez Gardens, East Reymundoborough, South Carolina",44,3.14,329,7,4
428,"870 Nathaniel River, Carmellatown, South Dakota",89,2.48,495,6,7
429,"5331 Dickinson Village, Denisberg, North Carolina",68,3.59,406,9,4
430,"5500 Littel Place, Carterhaven, New York",89,3.86,394,8,1
431,"91916 Erling Bypass, Swaniawskiton, South Dakota",34,0.08,410,9,5
432,"651 Berneice Stream, Powlowskifurt, Idaho",81,2.37,193,6,5
433,"084 Schmitt Track, Lake Lura, Arizona",47,2.46,51,7,2
434,"78947 Schowalter Parkway, New Julioton, Massachusetts",41,3.78,409,5,5
435,"07800 Myrtis Village, Haileymouth, Arkansas",65,4.16,99,8,4
436,"41243 Kohler View, North Levimouth, North Carolina",34,2.32,350,5,7
437,"4307 Tyrese Plaza, Port Kayleigh, Oregon",56,0.43,85,8,5
438,"524 Bruen Alley, Ebertside, Alabama",80,3.37,255,5,1
439,"5300 Elaina Glens, Yundtberg, Alabama",95,2.46,271,8,5
440,"49905 Kunze Ridges, Braulioview, Arizona",73,3.96,319,5,3
441,"0140 Dejon Squares, Chandlerchester, Tennessee",69,1.24,300,9,1
442,"7154 Sunny Hollow, Stantonfort, Arizona",79,3.27,54,5,7
443,"78395 Stark Viaduct, Littelview, Arkansas",63,4.20,408,7,7
444,"88443 Marian Plaza, South Darion, Wisconsin",67,3.26,116,9,1
445,"72437 Daron Ramp, West Melisa, South Carolina",46,3.49,142,7,3
446,"5910 Mraz View, New Sabinafort, South Carolina",86,3.47,358,6,7
447,"35874 Alycia Keys, Fabiolamouth, Arkansas",24,1.42,143,6,1
448,"8780 Kirlin Knoll, New Erich, Arkansas",77,1.46,165,6,5
449,"7796 Mekhi Motorway, Brannonberg, South Dakota",29,4.67,145,7,7
450,"86259 Kiehn Green, Ortizside, Oklahoma",27,0.76,342,9,1
451,"070 Armstrong Island, North Earnestland, Oklahoma",44,1.53,331,7,1
452,"3878 Keaton River, Elisabethberg, Maryland",47,1.50,479,6,2
453,"59915 Dessie Junction, South Marleeport, Idaho",65,3.04,164,7,6
454,"5858 Tracey Burg, Erdmantown, Hawaii",49,2.04,464,8,4
455,"78986 Christiana Throughway, Port Courtneymouth, North Dakota",51,2.02,77,7,5
456,"824 Prosacco Heights, New Brittany, Michigan",62,0.16,187,8,6
457,"01060 Melyna Via, Terencemouth, Alabama",29,0.25,249,6,6
458,"44327 Torphy Brooks, Kundefurt, Wyoming",71,3.11,385,9,5
459,"6368 Stamm Divide, East Janae, Kentucky",21,1.23,205,9,5
460,"7514 Raymond Grove, New Americaville, Idaho",70,0.23,438,7,4
461,"8666 Legros Roads, Port Sybleton, Arkansas",68,0.10,498,5,6
462,"9074 Jade Shores, Langoshtown, Louisiana",98,2.22,166,5,3
463,"522 Henry Canyon, Port Kadin, New Mexico",72,3.75,364,9,6
464,"6022 Corrine Gateway, Lake Gianni, New Mexico",62,1.24,242,5,4
465,"1951 Kuhn Road, Ewellbury, Hawaii",27,0.60,313,7,1
466,"47978 Murray Garden, Corkerymouth, California",89,3.45,234,7,1
467,"1239 Metz Estate, North Lillianbury, Indiana",47,3.80,89,6,2
468,"5340 Rowe Parks, Madisentown, New Hampshire",83,1.82,287,6,3
469,"2481 Marcelle Plains, North Sammie, North Carolina",95,1.43,490,8,5
470,"3550 Adelbert Hills, Port Morganchester, Wyoming",89,0.85,345,7,7
471,"07940 Trantow Fort, Armstrongside, Rhode Island",42,3.76,125,6,7
472,"94672 Dach Summit, North Zakary, Illinois",89,1.43,323,6,3
473,"08390 Baumbach Village, Christellemouth, Utah",22,0.48,144,6,7
474,"2068 Effertz Squares, Christiansenstad, Wisconsin",80,1.86,386,7,5
475,"9418 Wintheiser Prairie, Marvinfort, New York",83,1.09,110,5,3
476,"534 Waldo Locks, Melanytown, Montana",21,1.22,361,6,6
477,"45902 Jacques Inlet, D'Amorefurt, Oregon",65,2.06,260,5,4
478,"2789 Fisher Ports, New Jolie, Illinois",20,1.49,243,6,1
479,"027 Roberts Summit, Charlieshire, Connecticut",68,4.86,330,7,1
480,"52929 Americo Estate, West Kiarra, Colorado",28,4.74,491,7,2
481,"2563 Saul Alley, Treberg, Delaware",89,1.13,403,6,3
482,"90047 Harvey Dam, Maritzamouth, Missouri",48,0.31,85,6,2
483,"9907 Anahi Crest, Cydneyhaven, Oklahoma",68,0.55,467,6,3
484,"867 Sylvester Summit, West Gunner, Arkansas",46,4.21,52,5,6
485,"0113 Pollich Trace, Reicherthaven, Nevada",47,4.08,79,7,2
486,"224 Funk Lakes, North Mallieshire, Alabama",85,3.19,173,7,6
487,"4725 Monahan Roads, New Irwinton, Hawaii",31,3.52,318,7,7
488,"8672 Floyd Roads, O'Reillyland, Rhode Island",48,2.29,403,8,3
489,"21385 Mariam Place, East Rickey, Colorado",68,0.12,372,8,5
490,"16581 Welch Route, South Desmond, Maryland",99,1.90,380,7,3
491,"0381 Alexandria Camp, Vernonchester, Florida",57,0.15,251,7,4
492,"743 O'Reilly Plaza, Gusberg, Michigan",46,4.55,270,6,4
493,"42420 Genoveva Field, Port Dougbury, Arizona",70,1.86,426,9,3
494,"37891 Marion Ranch, New Kelsie, Hawaii",39,1.48,61,9,3
495,"5040 Lavern Park, South Jocelyn, Vermont",73,3.54,396,7,3
496,"956 Dolly Lake, South Curtisview, Michigan",66,4.55,52,9,5
497,"907 Jaskolski Crossroad, South Carmelobury, Arkansas",73,3.04,231,6,2
498,"118 Joaquin Tunnel, Jaydenland, Illinois",83,0.63,414,6,7
499,"449 Hudson Parkway, Eldridgefort, Montana",47,1.11,141,6,4
500,"6327 Haley Pines, Harveybury, Pennsylvania",59,4.43,479,9,1
501,"3601 Windler Port, South Betsy, Rhode Island",97,0.43,182,7,6
502,"99051 Ernestina Mission, South Ada, Ohio",30,0.30,259,9,5
503,"7469 Stark Way, Elisaville, South Dakota",21,0.67,488,8,3
504,"2908 Sauer Isle, Terryport, Delaware",92,2.89,184,6,5
505,"5885 Gretchen Groves, Ikeport, Indiana",33,1.77,495,5,1
506,"562 Hills Highway, East Johnathonview, Idaho",90,3.85,427,9,1
507,"3819 Serena Mission, Eviestad, North Carolina",82,0.57,158,8,4
508,"346 Reichel Terrace, Schadenbury, Virginia",70,3.71,251,9,3
509,"0759 Mozelle Loop, North Doylehaven, Pennsylvania",27,0.95,293,7,4
510,"32987 Wiza Parkway, South Lessie, Pennsylvania",33,0.93,90,5,6
511,"73065 Cruickshank Bridge, New Khalidberg, Alabama",28,2.83,300,6,4
512,"2227 Bernier Branch, Luettgenchester, Washington",43,0.48,255,7,2
513,"4691 Lydia Prairie, Cormierfurt, Idaho",82,1.62,100,7,7
514,"557 Blake Forest, New Osborne, Missouri",98,2.15,78,7,2
515,"20682 Daniel Road, Lake Janis, North Dakota",45,2.60,256,6,3
516,"083 Kari Turnpike, Ernserside, Michigan",43,4.22,246,8,1
517,"716 Feest Lights, Emmerichfort, California",21,4.18,357,9,6
518,"6272 Ernestina Heights, Caliport, Iowa",66,4.29,394,5,3
519,"488 Eloise Green, South Gerard, Montana",67,1.34,253,9,7
520,"820 Larson Rapid, Judeland, South Dakota",51,2.24,370,5,3
521,"53217 Schmeler Light, West Elenor, Nevada",60,3.28,461,7,4
522,"63747 McCullough Station, North Sidneyburgh, New Jersey",67,1.28,120,9,2
523,"6080 Wilderman Shoals, Morarstad, Alabama",71,0.54,334,8,3
524,"6602 Gutkowski Junctions, North Velvahaven, Idaho",88,4.73,458,6,1
525,"28684 Victoria Corner, North Kelleyport, Utah",52,4.43,285,8,6
526,"24419 Nikolaus Mission, Lake Kylebury, Wisconsin",46,3.48,433,6,2
527,"2460 Allene Glens, Joseburgh, New Mexico",71,2.39,436,7,2
528,"544 Pacocha Radial, Konopelskiport, Colorado",53,3.61,470,6,6
529,"592 Bailee Ville, East Jarret, South Carolina",81,4.82,219,6,4
530,"217 Alaina Course, Port Treyburgh, Maryland",26,1.99,141,5,3
531,"01345 Aurore Harbor, Lake Madieton, Iowa",34,0.21,172,8,5
532,"626 Rahsaan Plains, East Nathanael, North Dakota",21,1.33,65,7,5
533,"7936 Karelle Inlet, Schinnerchester, Montana",74,4.19,367,9,6
534,"194 Brekke Green, North Rupert, Oregon",72,2.44,315,6,7
535,"4998 Ova Falls, New Kevinborough, Arkansas",66,0.72,306,6,1
536,"3307 Robel Place, Lilyanmouth, Nebraska",54,3.60,246,6,6
537,"97117 Littel Locks, New Phyllis, West Virginia",61,2.29,492,7,1
538,"915 Werner Pines, New Sigurdberg, Massachusetts",90,2.07,214,9,7
539,"029 Maria Highway, Russelport, Alabama",27,3.18,113,9,3
540,"07930 Vernon Rapids, Port Prince, Utah",91,1.87,401,8,4
541,"21090 Runolfsdottir Hills, East Oralhaven, New Jersey",97,1.48,264,8,5
542,"0264 Gina Parkways, South Lydahaven, Florida",92,1.04,87,7,4
543,"74060 Abshire Street, Port Marvin, Texas",93,3.64,473,8,7
544,"866 Jaquan Forge, Ashlyland, Connecticut",96,3.92,160,8,5
545,"3562 Lucile Cape, O'Konburgh, Texas",57,3.12,282,5,1
546,"10391 Leland Lock, Mattieland, Tennessee",22,3.51,279,8,4
547,"772 Zane Rapid, Stantonburgh, Texas",39,4.81,468,5,4
548,"4502 Jennie Path, Klockofurt, Texas",73,3.30,207,5,2
549,"8213 Veum Avenue, West Madelynville, Virginia",57,3.93,417,8,7
550,"020 Farrell View, Kilbackside, Illinois",90,1.91,249,7,4
551,"151 Stiedemann Mountain, Lauryntown, Ohio",94,3.34,469,6,3
552,"6669 Mayer Highway, West Kenmouth, Wyoming",58,3.77,393,8,6
553,"6760 Keegan Streets, East Lelia, Nevada",96,1.87,489,9,3
554,"76328 Tressie Summit, Grahamberg, Montana",70,1.87,307,9,3
555,"691 Schmitt Trafficway, South Karlee, Texas",55,4.75,349,9,4
556,"8258 Marge Trace, Sonnyview, South Dakota",42,4.63,156,7,7
557,"50975 Antonetta Ports, Marvinside, Maryland",95,4.74,218,9,3
558,"9765 O'Hara Branch, West Eloy, Illinois",28,1.85,130,7,3
559,"767 Mireille Burg, Corwinshire, Maryland",62,0.20,490,7,3
560,"936 Jessyca Meadow, Waelchiville, Maine",20,4.21,384,6,3
561,"9935 Esperanza Mill, Lake Rosella, Tennessee",34,0.20,310,6,3
562,"111 Amos Wells, West Darrin, Florida",31,0.60,107,7,6
563,"833 Kailey Divide, Marquardtfort, Kansas",82,0.25,444,5,2
564,"7495 Tromp Islands, Jairobury, Ohio",51,1.11,464,5,4
565,"903 Keeling Roads, Rubenland, Kansas",83,1.94,221,8,4
566,"70563 Deshaun Harbor, Binsside, Louisiana",32,1.39,374,7,3
567,"407 Clyde Harbor, East Darwinton, Wisconsin",94,4.32,394,5,6
568,"0839 Farrell Orchard, West Hoyt, Michigan",84,4.77,403,7,6
569,"4809 Powlowski Bypass, Rodgerland, Louisiana",71,4.38,444,5,6
570,"79372 Mortimer Street, Mullerport, Oregon",47,0.90,415,6,2
571,"422 Vandervort Common, Port Kileyberg, Alaska",39,2.82,455,8,2
572,"367 Wunsch Forges, Beahanshire, Mississippi",58,2.30,169,6,6
573,"7665 Boyle Ridge, Lake Briaport, Illinois",51,2.66,488,6,5
574,"03700 Olson Station, Port Olgashire, South Carolina",65,0.10,325,5,7
575,"99556 Kenny Trail, West Adelle, Wyoming",38,4.35,124,5,5
576,"8620 Stehr Trail, North Lamar, Wisconsin",39,0.87,316,5,5
577,"449 Feeney Rue, South Ramona, Alaska",74,3.28,70,7,5
578,"81337 Jesse Street, Natalieburgh, Alaska",79,0.68,438,9,7
579,"76321 John Road, North Guadalupeview, Louisiana",30,4.19,438,7,4
580,"873 Herman Ridge, Arielstad, Kansas",49,0.51,133,5,5
581,"48538 Toy Ford, Port Camronport, Louisiana",54,4.77,377,8,6
582,"685 Jaydon Drives, West Lauren, Pennsylvania",44,0.99,496,6,7
583,"2237 Erdman Isle, Runtebury, Minnesota",66,1.53,363,6,3
584,"69122 Green Trail, Hudsonbury, New York",59,4.03,177,6,4
585,"3983 Dickinson Ferry, Willmsland, Illinois",61,4.88,399,8,3
586,"2949 Senger Turnpike, Rosaport, Louisiana",71,0.96,349,6,2
587,"28408 Rau Row, Conroymouth, Ohio",52,1.95,235,6,1
588,"912 Shania Burgs, South Breanne, Ohio",52,0.93,215,8,3
589,"8486 Goldner Ville, Port Raleigh, New Hampshire",50,1.12,415,8,5
590,"623 Schaefer Divide, Marlenhaven, Wisconsin",94,3.01,493,5,2
591,"931 Gusikowski Valleys, Rogahnborough, Oklahoma",80,0.28,472,6,1
592,"08334 Haley Underpass, Bogisichside, Massachusetts",96,4.69,322,6,6
593,"95904 Deven Motorway, Millerview, New Hampshire",51,4.26,169,5,5
594,"6180 Sheldon Prairie, Cotyshire, Oregon",48,4.24,92,5,2
595,"103 Runolfsson Mews, Lake Pattie, Virginia",58,1.47,122,9,4
596,"126 Lesch Way, Jordyberg, Vermont",98,1.37,152,6,4
597,"935 Donnell Walk, Kochburgh, New Mexico",95,4.16,268,8,1
598,"9633 Cummings Skyway, Robertmouth, Wisconsin",68,2.48,462,6,3
599,"18703 Meta Rue, Lake Tierra, Wyoming",65,2.35,456,6,1
600,"07047 Cassin Point, East Zoechester, California",82,4.90,241,5,1
601,"05425 Parisian Terrace, Cartwrightfurt, North Carolina",50,4.58,265,5,1
602,"9396 Jayce Highway, Tiffanybury, Rhode Island",56,4.73,412,9,5
603,"4082 Judd Fork, Raynorfort, Nevada",68,1.23,288,8,7
604,"983 Einar Fork, Mariahborough, New Hampshire",58,3.70,134,6,3
605,"00350 Grimes Lake, South Florida, Kansas",48,3.96,124,6,4
606,"2765 Roberts Gateway, West Onie, Oklahoma",83,3.77,454,8,5
607,"050 Kerluke Creek, Cassidyview, Montana",82,0.71,427,8,1
608,"56068 Gail Land, Port Javonbury, North Dakota",96,1.12,320,9,7
609,"586 Schroeder Alley, East Weston, North Carolina",74,3.41,129,6,5
610,"57056 Bins Branch, Lake Jalenport, Minnesota",76,4.88,113,5,6
611,"0840 Adolphus Mountain, East Antonioborough, Missouri",64,1.93,260,6,4
612,"04833 Cole Neck, North Ludwigtown, Alaska",30,0.92,461,6,3
613,"16249 Nat Track, Grantmouth, Missouri",91,2.17,245,5,2
614,"6291 Schuster Ways, East Leslyport, Oklahoma",51,1.52,413,6,1
615,"57130 Rippin Brook, Port Franco, California",31,0.34,390,5,3
616,"92708 General Villages, North Birdieborough, Massachusetts",23,2.22,231,9,5
617,"3078 Dietrich Fork, North Ginoburgh, West Virginia",44,0.42,286,9,7
618,"58017 Rohan Avenue, Port Fredamouth, Nevada",61,4.53,305,5,7
619,"66136 D'Amore Lane, Smithamtown, Texas",59,4.73,244,9,4
620,"194 Gleichner Crest, East Tomasside, Louisiana",61,3.60,71,8,1
621,"8223 Mathew Mission, Daphneemouth, Louisiana",55,4.86,144,9,5
622,"04357 Emanuel Expressway, Bogisichstad, North Dakota",94,1.96,162,5,1
623,"2374 Dagmar Expressway, Floydburgh, Missouri",24,3.49,173,8,1
624,"3882 Esmeralda Islands, New Deanna, Indiana",98,3.42,478,5,3
625,"356 Avis Flat, Dandreport, California",41,0.95,453,8,4
626,"0383 Brenna Brook, Lucianofort, Utah",32,2.93,144,5,2
627,"34881 Pacocha Wall, East Arlo, Maryland",81,2.58,411,6,2
628,"693 Alta Land, South Sabinachester, New Hampshire",54,3.54,305,7,2
629,"849 Idell Circles, New Odieside, Connecticut",61,4.34,306,8,5
630,"07413 Ankunding Ridges, Greenholtchester, Iowa",55,3.03,303,9,6
631,"285 Dibbert Grove, North Sierra, West Virginia",23,0.68,106,5,2
632,"15201 Funk Ramp, North Jeanette, Wisconsin",58,4.58,307,7,1
633,"88850 Kling Landing, Kaydenmouth, Massachusetts",99,3.96,363,7,4
634,"062 Buckridge Inlet, North Rowena, Missouri",98,1.13,135,5,5
635,"58345 Harold Passage, Machaven, Maine",68,4.74,193,7,1
636,"723 Barrows Station, Port Julie, Oklahoma",89,3.98,458,8,3
637,"59702 Antone Mountain, Felicityfurt, West Virginia",54,1.84,400,6,3
638,"63709 Kshlerin Causeway, Port Clifton, Nebraska",64,2.78,283,7,6
639,"426 Jerel Well, West Annalise, Montana",26,3.85,366,8,1
640,"72745 Alphonso View, Gerryside, Minnesota",47,0.49,403,6,4
641,"8112 Nolan Row, Rockymouth, Georgia",72,3.45,297,7,7
642,"35185 Maryjane Ville, East Presley, Hawaii",59,1.14,464,8,5
643,"850 Otilia Keys, West Thea, Utah",66,2.80,70,7,6
644,"84487 Paul Union, West Briabury, Texas",66,3.77,476,8,5
645,"808 MacGyver Forges, New Samantha, Massachusetts",45,0.77,413,6,3
646,"25672 Kelley Glen, Kesslermouth, New Mexico",72,2.85,142,7,6
647,"84942 Walker Lane, Denisbury, Oklahoma",52,0.92,83,9,2
648,"85823 Crystel Circles, Kautzerside, Kentucky",39,4.08,460,7,5
649,"077 Fredy Lodge, Port Bertrand, Ohio",20,4.99,373,6,2
650,"277 Hanna Hill, South Mayra, Nevada",88,1.10,426,7,2
651,"167 Rachel Street, Kulasfort, Alabama",79,4.04,217,8,6
652,"3785 Jesse Crescent, East Rhiannon, South Dakota",93,4.83,423,8,1
653,"941 Eulah Square, Willport, Hawaii",48,1.97,329,5,5
654,"0577 Ernser Highway, Balistreriport, Michigan",75,2.77,254,9,7
655,"5866 Pietro Freeway, Bartonshire, California",66,4.07,376,9,5
656,"0034 Lockman Terrace, North Erling, New York",54,0.86,267,7,6
657,"1846 Lindgren Hill, Nigelmouth, Washington",45,3.24,196,7,1
658,"318 Legros Club, Warrenfort, Alabama",74,2.92,59,7,7
659,"8749 Anderson Extension, Port Matildemouth, Massachusetts",57,4.22,99,5,5
660,"7051 Bradley Turnpike, Port Reeseberg, Kentucky",96,1.63,222,8,3
661,"649 Madaline Cape, North Kip, Nevada",36,4.56,175,8,5
662,"8304 Gutmann Village, New Alessandra, Arizona",36,0.36,398,6,5
663,"3283 Josefina Loaf, North Nathanial, Tennessee",71,2.46,183,5,4
664,"4599 Gleichner Estates, New Kacieland, Colorado",71,3.94,358,8,7
665,"8623 Nola Way, Faheyton, South Carolina",50,4.24,207,8,4
666,"0746 Flo Crescent, New Adalbertochester, Arkansas",83,1.06,319,8,2
667,"306 Herman Plains, Faheyhaven, Washington",95,4.56,281,9,3
668,"1261 Hilpert Stravenue, Brycenmouth, Montana",46,1.56,393,9,3
669,"4853 Erdman Plaza, South Heloisebury, Kansas",24,3.42,334,9,7
670,"396 Dakota Port, Sheldonbury, North Carolina",78,3.80,365,6,5
671,"3285 Donald Burgs, North Marc, Iowa",21,1.72,251,9,5
672,"244 Jaycee Trafficway, Kubfurt, New Mexico",92,0.70,81,9,6
673,"1374 Kassandra Forest, Anitastad, Washington",86,3.41,63,8,4
674,"3574 Little Curve, Hayleystad, South Dakota",30,3.37,197,7,3
675,"14334 Alice Common, Graciemouth, New Hampshire",39,3.83,418,6,3
676,"96882 Jerde Mountain, Lake Trevor, New York",33,1.87,143,6,3
677,"455 Aubree Wall, Lake Jerry, Vermont",62,1.90,331,8,1
678,"634 Zulauf Passage, Port Dean, Ohio",24,2.13,457,7,4
679,"923 Goodwin Springs, South Orval, Ohio",51,1.62,245,5,7
680,"888 Elias Landing, Donnellyport, Illinois",77,3.21,252,9,6
681,"0209 Herman Garden, Taureanfort, Nebraska",31,2.96,256,6,6
682,"62869 West Courts, Carrollchester, Rhode Island",40,3.90,314,7,6
683,"79973 Dooley Lodge, Port Sonia, Mississippi",88,3.22,159,9,1
684,"94821 Jaunita Mountains, North Kenburgh, West Virginia",30,1.37,410,6,5
685,"82257 Beatty Street, New Jerrell, Ohio",72,0.31,245,8,3
686,"9061 Kaia Crescent, Haroldborough, Hawaii",71,4.88,202,7,6
687,"1238 Floyd Haven, Lynchview, Maryland",47,0.93,209,9,5
688,"17815 Pablo Flats, Novahaven, Arkansas",45,2.20,165,9,1
689,"39957 Weber Cliffs, Verniebury, Michigan",21,1.98,344,7,4
690,"453 Rene Summit, West Rico, Indiana",37,0.64,226,8,6
691,"3287 Rhianna Plains, Mayertside, Maine",73,4.13,358,5,6
692,"73435 O'Kon Trail, Maidashire, Florida",84,0.76,319,8,5
693,"5635 Cruz Flats, Quitzonhaven, Colorado",80,1.12,399,8,7
694,"05629 Cartwright Center, Champlinview, Illinois",92,0.04,79,5,6
695,"3241 Greta Burg, Shyannechester, Missouri",80,0.54,144,7,1
696,"658 Collins Vista, West Vanceberg, South Dakota",84,0.34,154,6,5
697,"43435 Zakary Turnpike, Theodoretown, Florida",43,1.11,466,5,2
698,"8938 Nels Circle, Brockfurt, Colorado",69,2.42,442,5,2
699,"774 Mayer Throughway, Port Gwendolyn, Illinois",59,2.29,201,7,5
700,"7982 Sarai Ford, Rathton, Vermont",64,0.35,268,9,1
701,"1380 Clifford Groves, South Trudie, Maine",77,0.76,290,7,2
702,"8763 Evie Inlet, Milfordchester, Texas",27,3.29,215,9,4
703,"60674 Angeline Hill, North Hendersonview, Iowa",82,3.69,128,5,7
704,"6958 Wilfredo Glen, Jaskolskimouth, Massachusetts",39,3.11,139,5,6
705,"41430 Hartmann Plains, Lake Fatima, Kansas",23,0.17,272,8,2
706,"3696 Elaina Gateway, Nigeltown, Massachusetts",58,1.28,194,6,1
707,"57844 Ivah Centers, West Sheldonhaven, Tennessee",42,0.49,83,5,5
708,"205 Abbie Street, Wilkinsonfurt, Ohio",73,1.37,456,5,7
709,"9859 Hyatt Hills, East Kyleemouth, Wisconsin",35,0.88,295,6,1
710,"59041 Bayer Fords, Jonesstad, Arkansas",47,3.72,213,9,5
711,"8989 Botsford Expressway, East Delia, Tennessee",91,2.29,238,9,2
712,"46458 Schuster Fork, Port Howellstad, Mississippi",71,0.51,371,5,6
713,"67511 Kayleigh Greens, North Hassanfort, Connecticut",29,0.85,258,6,4
714,"46069 Jailyn Brook, East Wilbert, Iowa",65,3.81,153,7,5
715,"94332 Heller Shore, East Isabelle, South Carolina",50,0.92,119,9,3
716,"17867 Purdy Ports, Hoppestad, Pennsylvania",98,3.06,68,7,7
717,"07890 Kelsie Coves, East Lilyan, Arkansas",57,2.92,240,5,3
718,"57397 Yasmeen Junctions, Port Andreane, New Mexico",51,1.88,152,6,4
719,"04990 Prohaska Well, Gutmanntown, South Carolina",44,0.78,320,6,3
720,"4607 Hegmann Islands, Naderside, Idaho",99,2.80,268,7,1
721,"786 Ford Center, Minniefurt, Florida",70,3.45,402,7,7
722,"6316 Graham Spurs, Goldenchester, Arizona",71,4.08,53,8,2
723,"31739 Mariela Spring, Darwinberg, Missouri",77,4.25,307,6,1
724,"43624 Koch Neck, West Joanahaven, Texas",54,0.55,59,8,7
725,"233 Funk Villages, Rosenbaumville, Illinois",72,0.77,326,9,4
726,"717 Skylar Freeway, South Ricofort, South Carolina",58,0.18,302,7,7
727,"153 Rozella Port, Kentonchester, Florida",23,1.74,410,8,4
728,"84062 Flatley Crossroad, New Modestabury, Indiana",23,1.68,175,7,4
729,"9852 Cartwright Dam, West Elyse, Arkansas",29,1.77,77,6,7
730,"33829 Streich Corners, Sallytown, Massachusetts",27,3.87,409,7,5
731,"93045 Cronin Knoll, Reedbury, New Hampshire",99,1.08,404,7,4
732,"0190 Schaefer Stream, Altenwerthland, Massachusetts",21,2.07,54,8,5
733,"6834 Lind Spring, New Jaydon, Florida",32,1.72,52,5,2
734,"2348 Madisen Flats, Laneton, Mississippi",62,1.26,432,9,3
735,"03301 Deckow Corner, Josiannefurt, Iowa",53,4.73,277,6,1
736,"3252 Farrell Club, Port Cale, Louisiana",64,3.09,190,9,7
737,"62140 Stanton Rest, Magdalenfurt, Tennessee",92,3.37,203,7,5
738,"949 Nikolaus Unions, New Deron, New Mexico",81,4.59,250,7,5
739,"926 Raymundo Roads, Ernserfurt, Connecticut",37,3.29,475,5,6
740,"971 Hilpert Forest, South Daphneymouth, North Dakota",24,0.29,180,5,2
741,"69448 Xavier Spurs, New Darien, Michigan",67,2.53,278,8,5
742,"625 Dakota Wells, O'Konview, Oregon",94,2.15,159,8,1
743,"463 Reichel Corner, Dibbertfurt, Pennsylvania",53,1.29,346,5,2
744,"296 Lacey Shoal, New Shannonside, Arizona",86,1.53,347,8,4
745,"4084 Antonina Stream, Shanahantown, Iowa",80,4.15,119,6,1
746,"166 Wilfred Locks, New Sallytown, Texas",84,4.66,308,7,1
747,"7510 Dennis Light, Zakarytown, Alabama",24,0.40,297,5,5
748,"82329 Champlin Valley, Lonnyville, Michigan",63,2.67,394,5,5
749,"6483 Hills Mountains, Lake Namechester, North Dakota",50,0.37,249,7,2
750,"36380 Mann Centers, Lake Adan, Mississippi",46,4.76,99,6,5
751,"504 Walker Harbors, East Tyresefort, Minnesota",92,3.35,135,8,7
752,"6285 Waters Viaduct, South Marilouton, Utah",70,0.04,78,8,5
753,"698 Aufderhar Grove, Ernsermouth, North Carolina",25,0.75,304,9,7
754,"3282 Greenfelder Oval, North Maxineside, Colorado",77,4.46,270,9,6
755,"433 Reymundo Islands, Veumview, Connecticut",53,4.22,336,5,4
756,"13176 Sydni Alley, Wilfridland, North Carolina",91,2.10,245,6,4
757,"757 Luis Harbors, Lindton, Maryland",68,2.21,219,6,1
758,"466 Ritchie Brook, Tillmanmouth, Oregon",99,0.01,347,5,7
759,"17826 Lelah Ramp, Lake Othoborough, Georgia",32,1.99,437,7,4
760,"51293 Carmela Turnpike, South Elyssaside, Illinois",50,0.41,301,7,6
761,"850 Rosenbaum Field, Port Carlie, Louisiana",78,3.03,401,5,3
762,"842 Al Summit, Welchmouth, South Dakota",54,1.78,498,8,1
763,"153 Heaney Gateway, North Jaleelville, Kansas",34,1.77,152,6,3
764,"307 Goldner Roads, Port Breanaberg, Idaho",42,3.86,240,8,6
765,"202 Leffler Cliffs, Tiannastad, North Dakota",54,1.53,453,9,2
766,"337 McDermott Crossroad, North Carolannehaven, Utah",47,4.94,140,6,2
767,"769 Mraz Island, Lake Destinyshire, Arkansas",30,1.63,494,7,4
768,"062 Major Turnpike, New Alyssonfurt, Arkansas",71,3.78,126,6,5
769,"49745 Ruthe Flat, Kihnshire, Hawaii",57,1.74,107,6,6
770,"1050 Jadyn Passage, North Nya, Rhode Island",65,4.50,258,5,4
771,"616 Cruz Passage, Port Jaylantown, Florida",87,0.96,305,5,4
772,"071 Satterfield Cliffs, South Carey, Utah",70,0.74,316,9,6
773,"71585 Lebsack Forge, Port Thomas, Kansas",69,4.43,308,9,7
774,"5227 Gabe Inlet, Rebafort, Tennessee",21,4.22,256,9,2
775,"2211 Melvina Villages, Lillianfort, Arizona",70,1.18,215,6,6
776,"429 King Lodge, New Darian, Washington",23,0.94,311,5,1
777,"7883 Lisa Dam, Makaylaville, Virginia",83,0.75,359,8,2
778,"8523 Celestine Trail, Ornfurt, Hawaii",61,0.21,476,5,1
779,"777 Mueller Garden, Jastfurt, Washington",87,2.80,129,9,5
780,"91943 Barton Islands, Port Ona, New Hampshire",75,2.05,52,7,4
781,"907 Rigoberto Stravenue, Armstrongbury, Idaho",29,0.18,237,9,7
782,"1830 Ferry Plains, Bobbietown, Idaho",74,3.83,392,5,6
783,"7451 Schultz Station, Juanaport, Iowa",66,4.55,454,7,2
784,"250 Miller Land, Lake Ottilie, New Hampshire",85,2.75,284,6,2
785,"22416 Easton Crest, Spencerfort, Minnesota",69,3.38,331,9,3
786,"18771 Nader Harbors, West Delilah, Vermont",77,0.95,453,5,3
787,"995 Buckridge Ports, South Francisco, Nevada",66,1.09,76,7,7
788,"554 Abbott Spring, Vallieton, Kentucky",99,3.91,386,8,4
789,"44783 Dorothy Shore, Port Tiffany, Georgia",28,0.15,452,9,7
790,"790 Rippin Views, Lake Eddiemouth, Kentucky",84,1.31,338,9,3
791,"354 Kreiger Bypass, West Luigiport, Missouri",92,4.63,85,6,5
792,"53845 Kenton Plaza, Lake Tillman, West Virginia",73,4.08,307,8,2
793,"98371 Lowe Loaf, West Remingtonbury, Maryland",27,2.41,225,8,5
794,"193 Will Orchard, Brekkestad, Iowa",57,4.26,103,7,3
795,"708 Yundt Ridges, New Modestoland, North Carolina",74,1.47,423,8,4
796,"6876 Aylin Rest, South Evangeline, Tennessee",58,1.31,424,8,5
797,"29211 Henri Fork, Port Gwendolynstad, Texas",84,2.73,111,7,4
798,"1811 Rodrigo Mountain, Thomasport, South Carolina",50,3.45,157,9,2
799,"842 Lubowitz Unions, Kelliburgh, Oregon",61,2.81,426,6,2
800,"916 Halle Stravenue, South Willland, West Virginia",60,4.84,224,8,4
801,"488 Larson Street, Dylanview, Michigan",49,2.71,76,9,4
802,"897 Aubrey Camp, Lake Svenmouth, Kansas",56,1.20,268,7,7
803,"605 Rickie Stream, South Katlynbury, Pennsylvania",24,3.53,453,8,7
804,"33345 Angelica Street, Littleshire, Montana",28,0.53,487,6,6
805,"63663 Millie Throughway, South Desireetown, South Carolina",75,1.33,476,8,5
806,"9149 Cesar Stream, Lake Daphnee, Nevada",58,2.17,66,8,3
807,"728 Price Crossroad, East Idella, South Dakota",83,0.15,492,9,2
808,"9827 Mante Mountains, Port Marisa, South Dakota",95,4.13,62,9,5
809,"58039 Adriel Shoal, North Marielahaven, South Carolina",24,0.76,426,9,4
810,"351 Maryse Unions, Wunschville, South Dakota",89,3.78,377,5,6
811,"27028 Lueilwitz Freeway, West Ronaldo, North Carolina",88,3.93,184,5,5
812,"572 Abel Hills, Adamsberg, Indiana",28,4.61,90,8,2
813,"89730 Nitzsche Stravenue, South Fletaport, Tennessee",70,2.75,160,6,2
814,"363 Lina Vista, East Tonyville, Kansas",98,1.94,157,6,5
815,"615 Collin Falls, Port Laceyfurt, Louisiana",30,3.74,454,7,6
816,"86897 Reinger Isle, Willistown, Vermont",78,1.13,161,7,4
817,"24561 Daugherty Lock, Port Mikaylaland, New York",58,1.75,424,7,3
818,"387 Emard Forges, Lake Austynmouth, Mississippi",98,0.36,382,6,6
819,"5144 Hickle Crescent, Yostview, Tennessee",87,3.71,170,6,3
820,"19248 Upton Ramp, New Florida, New Jersey",77,3.94,265,7,3
821,"2464 Olin Loop, Holliefort, Alabama",74,0.40,226,8,6
822,"583 Vallie Drive, Port Modesto, Hawaii",26,3.23,400,7,7
823,"086 Rita Turnpike, West Kaleb, Wyoming",89,2.76,79,5,1
824,"51471 Tre Corner, Ziemannview, South Dakota",39,1.78,426,9,1
825,"888 Harvey Isle, Port Quintonview, Arizona",68,0.32,381,6,7
826,"7052 O'Hara River, Lake Brauliobury, Missouri",52,1.05,285,7,5
827,"30438 Spencer Mission, Hoegerview, Washington",28,1.01,148,5,2
828,"3958 Waelchi Mills, Elwynfort, New Hampshire",37,3.31,422,7,4
829,"431 Murray Creek, Loyalfort, Hawaii",69,1.09,143,5,1
830,"60882 Brown Coves, Aryannaburgh, Nevada",64,0.23,81,7,2
831,"108 Imani Cape, Lake Karineport, Arizona",24,3.41,435,8,1
832,"0861 Emard Street, North Wanda, Washington",46,3.99,57,6,7
833,"3560 Macejkovic Row, Olgaport, Colorado",28,4.98,286,5,4
834,"471 Eichmann Square, Lake Rosemary, South Dakota",25,4.26,497,5,6
835,"0734 Cronin Summit, Eldonberg, Wyoming",80,1.44,283,6,7
836,"111 Johnston Station, Bednarchester, Kansas",20,4.52,241,6,4
837,"4176 Maria Junction, New Willie, Massachusetts",43,3.15,268,9,4
838,"5775 Spencer Corners, Earlside, Connecticut",58,0.54,170,6,4
839,"2747 Senger Passage, Stehrview, Maryland",54,2.25,269,8,2
840,"3598 Hudson Falls, Lornaland, Nebraska",74,4.20,241,7,7
841,"4148 Adrianna Rue, East Valentina, Wyoming",90,5.00,72,8,2
842,"19789 Zieme Passage, Lake Katelin, Kentucky",85,2.24,108,8,1
843,"66396 Koss Plain, East Sidland, South Dakota",24,0.68,187,8,1
844,"140 Dicki Divide, Olsonchester, Oklahoma",26,4.34,266,5,6
845,"78142 Misael Burgs, Margaretville, Massachusetts",93,1.05,262,6,5
846,"81872 Raphael Glen, North Lilyanton, Alaska",81,4.44,450,8,1
847,"8884 Rosa Plaza, Manuelmouth, Kansas",94,4.35,345,8,4
848,"00345 Stiedemann Skyway, Koeppburgh, California",90,2.18,283,6,4
849,"194 Gudrun Valley, DuBuquechester, Iowa",83,0.16,102,7,6
850,"79119 Shea Points, West Arielleton, Utah",81,3.40,194,5,2
851,"63502 Melody Summit, South Bobbieshire, Massachusetts",79,4.81,169,5,4
852,"2583 Javier Trail, West Darrionland, Washington",96,1.38,381,5,7
853,"942 Rowe Mountain, Oscarside, New York",99,0.04,299,9,4
854,"584 Esteban Brook, Kenport, Utah",91,0.97,275,8,4
855,"194 Dustin Cliff, West Brennaport, West Virginia",30,3.12,220,7,7
856,"0975 Misty Keys, South Nat, Minnesota",65,4.23,123,7,5
857,"284 Schroeder Square, Kertzmanntown, Delaware",47,4.86,147,9,6
858,"5580 Strosin Village, Laurystad, Wyoming",23,1.99,141,8,4
859,"0213 Antwan Mountains, West Ginahaven, South Carolina",23,1.90,126,7,1
860,"2033 Kenton Lights, East Timmothyfort, Missouri",28,1.41,486,6,6
861,"3981 Muller Lodge, South Nikolas, Indiana",79,2.80,108,7,5
862,"6076 Lehner Knoll, South Kassandramouth, Hawaii",88,1.59,483,5,4
863,"2351 Kshlerin Points, North Bert, Vermont",44,1.91,458,8,5
864,"904 Ritchie Cape, Amyland, West Virginia",67,4.48,249,8,2
865,"7909 Abbie Orchard, Priceberg, Colorado",69,1.66,489,7,4
866,"655 Hills Gateway, Lesleyfort, Illinois",49,0.56,478,9,3
867,"633 Jane Keys, Port Renee, Rhode Island",58,3.60,150,8,7
868,"2079 Blanda Bridge, Breannafort, Delaware",72,3.51,289,5,5
869,"756 Balistreri Locks, South Jackburgh, South Dakota",32,3.54,467,8,7
870,"796 Kennith Plaza, Lake Erickamouth, Connecticut",46,3.91,355,9,5
871,"7509 Kihn Row, Everetteberg, South Dakota",66,3.40,431,6,6
872,"26711 Rosenbaum Via, Hyattborough, Illinois",83,4.59,463,7,1
873,"543 Schamberger Lakes, Kosston, Tennessee",64,4.01,377,7,1
874,"956 Wyman Vista, New Kristinaland, Utah",88,3.89,485,5,4
875,"347 Willa Mountains, Rohantown, New York",49,0.21,346,6,3
876,"437 Treutel Ways, Fayville, Missouri",82,0.51,479,5,1
877,"7961 Emmet Villages, Beahanstad, New Mexico",86,0.25,433,9,7
878,"653 Ernser Cape, Babyside, Minnesota",44,3.12,78,5,3
879,"3886 Collier Common, East Johannafurt, Arizona",66,2.25,392,8,6
880,"0095 Kshlerin Row, Harveyside, Colorado",82,3.95,476,7,7
881,"64214 Baumbach Union, Maxshire, Kansas",75,2.48,224,9,5
882,"350 Kirlin Mission, Nikolausburgh, Wyoming",73,0.75,296,7,7
883,"887 Dee Burgs, West Arden, Illinois",28,1.54,399,6,4
884,"8443 Alize Mission, Port Pabloland, Oregon",51,2.77,238,9,4
885,"0481 Rosenbaum Orchard, Uriahport, Hawaii",78,1.12,194,7,1
886,"29797 Terrill Mountains, Favianton, Hawaii",98,2.80,86,8,1
887,"2828 Schmeler Loaf, East Oda, North Dakota",52,2.73,139,7,2
888,"6676 Kattie Islands, East Medaview, Georgia",22,3.81,409,6,6
889,"67171 Conroy Hill, Lolitamouth, Nevada",33,3.69,483,7,7
890,"235 Weissnat Corners, East Shayleeport, Nevada",77,3.80,95,7,2
891,"79667 DuBuque Orchard, Lake Grayson, Nebraska",75,0.39,67,8,3
892,"1674 Bahringer Mountain, Kirlinfurt, Colorado",61,0.21,482,9,7
893,"9538 Ova Square, Lake Enriquebury, Oregon",68,3.03,370,8,5
894,"6177 McKenzie Mews, Eulahville, Iowa",42,0.66,449,8,7
895,"00243 Tavares Flat, Arielletown, Maine",88,4.11,248,7,3
896,"543 Benton Squares, East Jamison, Texas",44,2.84,65,5,1
897,"5470 Smitham Lodge, Jordyshire, Florida",89,2.73,362,5,6
898,"001 Ankunding Valley, Lake Clairside, Pennsylvania",96,3.68,373,8,5
899,"89472 Wisoky Club, Lake Adityafurt, Oklahoma",42,0.49,341,9,6
900,"53270 Cloyd Manor, East Malcolmmouth, Texas",61,3.95,210,9,4
901,"63667 Aidan Extension, East Raymond, New Jersey",49,2.46,429,6,1
902,"0647 Nienow Lodge, Riceburgh, Missouri",32,1.69,381,8,5
903,"14419 Towne Ranch, Kirlinburgh, Minnesota",60,4.85,277,9,4
904,"650 Guillermo Forges, South Citlalliview, Maine",89,3.55,436,8,4
905,"1882 Haag Keys, Murazikview, Missouri",44,4.29,269,7,6
906,"64339 Waelchi Brooks, Rippinborough, Hawaii",65,4.09,389,9,1
907,"9903 Hamill Circle, Port Lillie, South Carolina",61,1.90,240,9,7
908,"2815 Wolff Ways, East Kayley, South Carolina",22,2.75,311,7,7
909,"9109 Precious Lock, Mohrport, Nevada",98,4.71,451,6,4
910,"9583 William Keys, East Emelia, Texas",50,2.03,315,7,5
911,"711 O'Connell Stravenue, Lake Leannaton, Kansas",54,4.83,304,6,6
912,"07461 Lemke Freeway, Pearlinefort, Illinois",53,1.87,179,5,1
913,"2601 Catalina Cove, Earlineside, Michigan",37,1.78,483,6,3
914,"80219 Welch Lodge, New Brendonfurt, Washington",33,1.45,50,7,3
915,"4997 Casper Courts, Magdalenstad, Colorado",77,1.11,353,8,6
916,"9726 Rempel Meadow, New Isabellashire, Tennessee",63,2.93,283,9,5
917,"56082 West Road, West Mitchel, North Dakota",39,2.48,331,7,2
918,"061 Glover Causeway, Wehnerfurt, Hawaii",77,4.37,181,6,5
919,"83342 Isabell Plains, Lake Rosellamouth, South Dakota",36,4.66,62,9,1
920,"4830 Bahringer Course, Melynaland, Colorado",31,2.31,274,6,7
921,"858 Tromp Corner, Lenoraview, Arizona",88,1.29,176,8,4
922,"5609 Kutch Branch, South Clint, New Jersey",34,3.88,125,5,5
923,"17445 Harris Knolls, New Mallory, Illinois",62,2.05,332,8,7
924,"967 Angel Island, South Anthonyport, Texas",84,4.46,394,6,6
925,"62346 Sporer Tunnel, South Jaylin, Tennessee",22,1.81,491,9,6
926,"74929 Friesen Road, Dooleyland, New Mexico",82,0.18,372,7,7
927,"749 Bianka Wall, East Erwinberg, South Carolina",23,4.50,220,9,6
928,"09485 Skiles Unions, Gabrielhaven, Oklahoma",64,1.16,55,7,7
929,"71587 Schmeler Neck, Maureenmouth, Hawaii",49,2.09,250,9,5
930,"623 Georgiana Street, New Richard, Wisconsin",56,2.89,252,7,6
931,"7020 Daniel Meadows, South Lavonburgh, Florida",82,1.31,395,6,7
932,"6532 Linnie Terrace, Alessandroton, Florida",75,4.10,357,6,3
933,"3906 Alva Causeway, South Amparo, North Dakota",89,4.16,163,6,7
934,"66227 Gilbert Glens, Casperchester, Kansas",98,2.91,106,8,5
935,"5743 Reynolds Club, Feltonton, Oregon",38,3.29,472,9,3
936,"794 Nat Circles, Lake Golden, Massachusetts",41,0.74,337,9,7
937,"4465 Jamal Ports, North Friedrichhaven, North Carolina",62,4.98,114,9,5
938,"1629 Maryjane Terrace, New Jacemouth, Utah",40,0.79,470,9,5
939,"768 Savanna Port, North Blancheborough, Iowa",39,1.75,471,9,3
940,"9013 Nina Passage, North Claire, Oklahoma",86,2.20,398,5,1
941,"32521 Morissette Walks, Kiramouth, Oregon",64,3.78,358,6,5
942,"813 Garrison Skyway, Jaydemouth, Washington",69,1.45,447,6,4
943,"686 Satterfield Hill, North Mabelle, Tennessee",71,0.50,494,7,6
944,"71873 Angelita Way, Bechtelarborough, Iowa",70,3.91,166,5,1
945,"619 Alena Field, Genesisstad, Washington",57,0.45,84,5,6
946,"2857 Hammes Plains, Strosinview, New Jersey",34,4.55,314,9,1
947,"69708 Gussie View, O'Reillyton, Arkansas",81,2.07,485,8,2
948,"441 Ondricka Knolls, Port Gerda, Hawaii",31,4.39,310,6,1
949,"3039 Schmitt Road, Port Tracy, Georgia",59,2.52,222,8,1
950,"560 Kuhlman Dam, Christyton, Indiana",49,0.19,204,5,5
951,"15475 Morgan Circles, South Jermeytown, Montana",85,3.69,438,5,3
952,"934 Fisher Corners, South Sydnimouth, Minnesota",46,4.39,268,5,3
953,"769 Durgan Groves, South Gaston, Wyoming",84,4.86,336,5,3
954,"1677 Mabelle Route, Johnsberg, Washington",26,2.43,336,6,4
955,"1933 Casper Lodge, Gulgowskiland, New Jersey",69,4.49,121,5,7
956,"921 Adolph Union, Kolbymouth, North Carolina",83,2.44,180,7,3
957,"95110 Simonis Well, East Jessy, Florida",40,4.75,472,5,3
958,"5042 Cleo Light, South Ramona, Georgia",25,2.88,108,5,6
959,"4610 Jerde Oval, North Ednafurt, Arkansas",97,4.75,192,5,1
960,"8053 Waters Summit, West Carrollland, Vermont",81,1.02,215,8,2
961,"1725 Violette Courts, West Mattieside, Tennessee",37,0.21,480,9,4
962,"8376 Destiny Rapids, Sallyburgh, New Hampshire",30,4.79,131,8,4
963,"040 Runolfsson Vista, Lake Tracey, North Carolina",47,4.32,477,8,3
964,"0414 Cynthia Forge, Boehmstad, West Virginia",26,0.49,66,9,6
965,"0905 O'Hara Vista, Port Louveniastad, North Dakota",94,2.55,420,9,1
966,"503 Stracke Parks, Haleighberg, Oregon",79,3.83,66,8,4
967,"8710 Weimann Ville, North Abigayleborough, Oklahoma",20,4.09,462,6,2
968,"3904 Katelyn Court, Tristinport, New Mexico",70,3.27,211,6,7
969,"7258 Cremin Squares, Port Deontebury, Tennessee",62,0.57,421,5,1
970,"651 Klein Walks, North Maureenshire, Ohio",60,4.73,357,9,7
971,"945 Gutmann Rue, North Seanville, Oregon",29,2.36,280,9,3
972,"8693 Sandra Manor, East Yeseniachester, Vermont",62,4.86,426,9,3
973,"90482 Mayert Causeway, Port Ardith, South Dakota",25,2.72,168,8,3
974,"86771 Marielle Street, Harrisstad, Alaska",38,1.79,50,7,1
975,"8021 Johnston Center, Gloverville, Idaho",59,4.02,371,6,3
976,"2196 Crist Causeway, Sipesfurt, West Virginia",25,4.15,367,5,3
977,"642 Jedediah Union, Bergnaummouth, Colorado",82,1.57,116,5,7
978,"9702 Floyd Road, Shaniaton, Ohio",90,4.72,343,6,4
979,"7324 Derek Extensions, Schinnermouth, Idaho",36,3.62,129,6,4
980,"056 Bruen Burg, Yadirachester, Idaho",97,0.79,159,7,5
981,"9810 Gust Mews, New Myamouth, Illinois",63,1.59,192,6,2
982,"910 Bartell Courts, Bahringerberg, Iowa",79,4.90,227,5,1
983,"4044 Boyle Grove, West Tyson, Nevada",74,0.15,462,8,4
984,"37727 Gaylord Knoll, Leoneside, Kansas",93,2.51,389,6,7
985,"39319 Sonya Estates, North Granville, Oregon",36,2.50,319,7,4
986,"750 Nitzsche Fords, Port Steve, Florida",91,1.18,396,8,1
987,"841 Greenfelder Plain, South Ivy, Connecticut",71,4.80,327,8,3
988,"010 Humberto Crescent, North Zita, Oklahoma",69,1.77,374,6,5
989,"7631 Zulauf Trafficway, New Emerson, Washington",86,4.06,197,8,1
990,"0546 Nolan Radial, Kristianland, New York",51,3.44,315,8,7
991,"027 Senger Rue, Nikoburgh, Massachusetts",52,3.02,379,5,4
992,"924 MacGyver Trafficway, Bergnaumshire, Washington",86,2.85,490,5,7
993,"08564 Morton Forge, Port Carlibury, Tennessee",73,1.84,206,9,5
994,"863 Huels Parkways, Annalisefurt, Utah",69,4.14,259,5,5
995,"393 West Ranch, Greenfeldermouth, Florida",78,2.21,401,8,1
996,"510 Ena Loop, Goyetteburgh, Massachusetts",66,3.37,406,8,4
997,"041 Quitzon Valley, Hellermouth, Utah",31,4.81,144,9,4
998,"70232 Andreane Mountain, Sammyberg, Louisiana",72,0.38,240,9,7
999,"68558 Brooks Estate, Kossport, South Dakota",42,4.77,85,7,1
